{
	"11five16snqbrtqbx": 16,
	"13fxdptkcgmxjfdccgcrj545gfzdlmcrpp": 15,
	"145tdpvphfbqknine": 19,
	"14brpnzhmlljgxxc": 14,
	"14btwo18": 18,
	"15sixbfdsgrdmponefour": 14,
	"164vpmdfeightzqsddcd": 18,
	"16seven5qbpnhqxrcjvtwo": 12,
	"1756gvjdggpchc9": 19,
	"17cgstgbcjsixvlzkqh3fgsvmcssjvsevenffrjtt": 17,
	"17five": 15,
	"19two": 12,
	"1dfbkfpnqvthreemqzlvcvdnsxgfourtwovhmf": 12,
	"1djkqqd": 11,
	"1eight8mzdtwofour": 14,
	"1fivefour4jninevgdxthreeone": 11,
	"1fourfive34onetszfour": 14,
	"1fourprmkdzqxqsonedlkhxbqplx": 11,
	"1ggfivethreefour75": 15,
	"1gqsqnmbvlzklsxdbmeight1six4fourgztmkqsl": 14,
	"1hjkmdchmone2twotwosix": 16,
	"1hqzbfzdzrbnz3x6": 16,
	"1jkcfxpgmeight4qmhxrxjlghjsgnjptltvtwones": 11,
	"1lxk2hfmcgxtmps89mdvkl": 19,
	"1ncdcsbq": 11,
	"1nine53": 13,
	"1ntbgttnbfive8": 18,
	"1px": 11,
	"1qdmmfivetwo": 12,
	"1rgnhdjrcvhnxhk5ndfxprfmmgff": 15,
	"1sevenqzcgsnine1zkone": 11,
	"1threefivebcgxzpd": 15,
	"1tjrchtrxknstbmxh2zdpglqsxpdbnx4": 14,
	"1ts86": 16,
	"1vbbppvtxonefive": 15,
	"213": 23,
	"2133eightzmfxcrlhngthree": 23,
	"225onecrjvgckdbk6": 26,
	"25three9eighteightsix": 26,
	"263eightfivefthkfxfxnfms2": 22,
	"26njgdfive7onejtglghzlj": 21,
	"27eighteight38sixfive": 25,
	"27kzbhxzfiverrzkdrxqfd3two": 22,
	"27onerbtz4fourfour1": 21,
	"296544": 24,
	"2b6six4lsglzkbjxk2": 22,
	"2bngj8rdxvdcxdvj7four": 24,
	"2bqvhb79rrczpptxbb4lmcdgkqm6": 26,
	"2cccbmqtzkfivenine7gnhjvcg5": 25,
	"2chsixsixqfcksfpqbt": 26,
	"2eight2km7kjdkltnfivesixnine": 29,
	"2eighttwo7mdv9": 29,
	"2fivegfvhsvsj4fourqxd": 24,
	"2fivepqqcnphkfc19xnqfljkrqt": 29,
	"2fiveseven": 27,
	"2fivesixvfhninehbsfklrhgzfourjdjgb": 24,
	"2gghdftbmm9three": 23,
	"2gmmtgzstg1rbsix": 26,
	"2gpnfjrnmcvjfninelmdzkvrmkjqvcp": 29,
	"2gppmh39dmmgjks": 29,
	"2gzqrfldtlpeight3fivencmlmffivevqkhncfm": 25,
	"2hpflkrtwo": 22,
	"2hzcmzl7": 27,
	"2lzkxtvseventhreeseventwo": 22,
	"2lznfour1threerqjtphnine": 29,
	"2ninesixthree": 23,
	"2nqbxnqhxonesevengsxfspghjnglnl2": 22,
	"2onenine9sevenonefourfvd": 24,
	"2pqnineeighttworps": 22,
	"2qltqxkzeightonevxhsbglxk": 21,
	"2rscfiveonetwoonexndftfive": 25,
	"2seven3": 23,
	"2sevenfive6": 26,
	"2six16one": 21,
	"2six1gfzlrvxgfntqhjqd": 21,
	"2sixmmdkrzkgmvjvp1six9four": 24,
	"2tdzxcbnpnx4": 24,
	"2three9sixkprzkzrdzjndjtptbmbsfjzplss": 26,
	"2two49qcnine": 29,
	"2twomvdjvrhrsgrqhp": 22,
	"2vflrsvfive7hnkmgfvnnsqz": 27,
	"2z": 22,
	"2ztjdqjr4kpbxmcdpd": 24,
	"314threehdmtckfgtxbvdg": 33,
	"31mdlfvreightwotr": 32,
	"323jmphjone": 31,
	"324fiveninenzp": 34,
	"32gfttjsdtfvsixone": 31,
	"32nrjhnnldb": 32,
	"336six4blbbpxcbdd": 34,
	"339bfrsfdbbxv32zxjxkflknlvsq": 32,
	"33seven7nmjlctwovrpjpvmrgr": 32,
	"34eightcvgm": 38,
	"34kxkvvdkfourmktjbzqpktwo5": 35,
	"34ninerft5": 35,
	"363czlhjeight95": 35,
	"36jllpvdrzqkdjvcts1fjkbfttbeightseven": 37,
	"36onepntjtvpjfour4eightnine": 39,
	"3715nineeighthxnqxhg4ch": 34,
	"38zdpcljqkf": 38,
	"392one29": 39,
	"399ffk": 39,
	"39six": 36,
	"39sixthree9": 39,
	"3dfksprqsvzmr2eight4": 34,
	"3drvbgb8eight": 38,
	"3dsddfournine": 39,
	"3eightfive83nine32": 32,
	"3fhhth5hgsmh8vqspmmqcteight": 38,
	"3five4twolvxnmzltcbthree": 33,
	"3four8kggghfzmcq1": 31,
	"3fourxxqbfdjxjdmrbxxzgxjhmvxh": 34,
	"3fxcmvxfivemntgvphgsspeightzsdjdrpxnlxs": 38,
	"3gdkcg": 33,
	"3hxlf8nine9": 39,
	"3jjd5onevssix": 36,
	"3mlcvx": 33,
	"3nc5eight": 38,
	"3nine5two8three": 33,
	"3ninehgveightzppzljfourfour4": 34,
	"3nineqffxrtthree98spldqjdrqzzcs": 38,
	"3ninethreeeightvgvbnk2f": 32,
	"3oneeightrhzktblfcp5": 35,
	"3qpdkkdfxgvlktkkbtptnzqnzxl7four5": 35,
	"3rccfnineffpgrmh": 39,
	"3rmcfbldjhtcfhfnqsixkkpclcb5z": 35,
	"3rn2zhhth": 32,
	"3rtsnzspqrrqsfive": 35,
	"3sdmnlqsqkb9324xfdhptnine": 39,
	"3seven2": 32,
	"3sevenfive9six": 36,
	"3six6fourdxbxngjonelzhjl": 31,
	"3thhhqplbqczvkg67": 37,
	"3three63eighttwovgsdkx18": 38,
	"3threeninesixdsdsjvz": 36,
	"3twoseven": 37,
	"3vfsqqzrpzq38twotwondxrc": 32,
	"3xsixtwo1nzlpb": 31,
	"41141722": 42,
	"414fournine2kcjss": 42,
	"41nineninethreeone8two": 42,
	"42five9eight": 48,
	"42sevendmdsonetwom75": 45,
	"43pbxbjp6vqvrvkvc": 46,
	"482799": 49,
	"489hdvzxfsgjngkzkdvfiveone3": 43,
	"48fivesevenfivetwo": 42,
	"48sevenninexqglbmcnbgsdtjtkcp": 49,
	"4937fouronemnqb": 41,
	"49ninefive1fivenstnfcm5": 45,
	"4bnnpbgqpmfour2rjpthreeqmjrb9four": 44,
	"4eight2": 42,
	"4eight8seventwo3": 43,
	"4eightgltkrzs64spgdrhf35": 45,
	"4four4": 44,
	"4gbkshmmksfseven": 47,
	"4gc6cskjfptjxbpone": 41,
	"4gnnbznfour": 44,
	"4klm3fiveeightcszvlftm1": 41,
	"4msevenfivesevenljxtkxhdfbnine": 49,
	"4nine663mjtdlmqqrvsxnlhcz3six": 46,
	"4ninethreelbjtv89xnrt": 49,
	"4ntgdsbshd32": 42,
	"4oneone4453": 43,
	"4phpncp2six": 46,
	"4pmfbgqrjdrkmxfjthreeone2": 42,
	"4qfive": 45,
	"4sbvcnsjdmktwofourseven": 47,
	"4seventwo7nine": 49,
	"4six3mzzrgcrms5six": 46,
	"4sixrshzpspnzvftftwotk8bmcrpn": 48,
	"4three2fivecnlzgone3": 43,
	"4threethreegctxg3dmbm1": 41,
	"4v365": 45,
	"4xcmqggjhts": 44,
	"4xgjzmcbkn2jgb41": 41,
	"4zmhnjftwo1qmtqnhbtt": 41,
	"51": 51,
	"51gzmkn5": 55,
	"53gvzvzrnr29mrxljz": 59,
	"53phstwo": 52,
	"544": 54,
	"54kzqzvfshddq": 54,
	"558": 58,
	"55jcqcfthtgsssbc": 55,
	"576dqcspgvd": 56,
	"57eighttcspqjtxponeightffd": 58,
	"5911four4three6six": 56,
	"5bsnjxljdcsixtwo53": 53,
	"5eight4sixeightbggshzhjtwo2dsvhtsgg": 52,
	"5eight8579": 59,
	"5fiveqsgkf63fivefmp9seven": 57,
	"5fivetwo2529": 59,
	"5flpvgjsmbbxgsgh2threesqjnoneightdt": 58,
	"5four29": 59,
	"5fouronevzstmptgrgffrprbbjnrhfzmfour": 54,
	"5fourslt8gqdrdsseven6six": 56,
	"5fourthreesbgsix6two": 52,
	"5gkxjcskc89eight": 58,
	"5kgkrnbplph7": 57,
	"5llpcgxpcv85d39qqkxltchpc": 59,
	"5lsrdqxghnl1": 51,
	"5nine39eight": 58,
	"5ninembmxsppthreefour3": 53,
	"5ninenxthreeonectxfqmrlskzkxclghth": 51,
	"5pjjjkxxkfourjvgshnffjfjzd4": 54,
	"5seven95bmrtd": 55,
	"5sevenl": 57,
	"5sfqxpx2fiveone": 51,
	"5sixkgmvkxcf": 56,
	"5sixrzl1hlgjcnzxsevenone7": 57,
	"5sixthree22fourfoursix": 56,
	"5three1rhcczoneg": 51,
	"5three765nkj": 55,
	"5threepfqbrkcgrv": 53,
	"5threethreeqxvspthn612phhseven": 57,
	"5twoltmoneseven": 57,
	"5vvnh": 55,
	"5z14": 54,
	"61fqhc": 61,
	"61pxsixpztmvfr5eight4ntgl": 64,
	"61zvcqrbdlgfivefourdcvpfpspbgxsmjbmblkz": 64,
	"628nine": 69,
	"63kmhbdgdbnbctkrtwotmd4tx": 64,
	"63nxvsmhbngseventwosix": 66,
	"63vjtwo1fourcmvkmzpcsh": 64,
	"641pqhdbzk99onetwofour": 64,
	"644eight5448two": 62,
	"64twoninethreeqqfrzcmmrfqnbp": 63,
	"6576bkmbjplfive7seven9": 69,
	"6625lbssixkrxsfshjp": 66,
	"66five3threerhx": 63,
	"66gqffpzqfs": 66,
	"677sixbgg1": 61,
	"688ninetwo": 62,
	"69zlsvkk2six": 66,
	"6five49": 69,
	"6fivesblnqfjtrninekrxvzd927": 67,
	"6four2srtnppsttwoninegvhctmqftp": 69,
	"6fourljfoursix3": 63,
	"6gfour8bvgcxsrslrqf": 68,
	"6hznsq5qjcjsvgnl": 65,
	"6kbt": 66,
	"6lrbthreemplnineseven": 67,
	"6lvxcqzcfmg9mcjjlnbr9": 69,
	"6mzhddbtg8sevennine48rnc": 68,
	"6n4": 64,
	"6ninefour": 64,
	"6ninemd": 69,
	"6nqfive": 65,
	"6onefive8zlplrvfour": 64,
	"6onenineone": 61,
	"6pcqhlzzzone": 61,
	"6prgtmxjlztstbkcfour": 64,
	"6seven5ninenine3": 63,
	"6sevenhtclc": 67,
	"6sgnbhjqqxqeightgmvtqdcfivesix": 66,
	"6sixfour": 64,
	"6sixtcxqcv": 66,
	"6sx9eight4": 64,
	"6th": 66,
	"6threesfourfivebkkx": 65,
	"6tplzllbthreecljqhtgqlkxnl": 63,
	"6tqsvxbbqx": 66,
	"6two1sevenmrxbvkp22": 62,
	"6twojqffjcbxone": 61,
	"6twosixeightfkfftzthree": 63,
	"6twosixsixjlmcdqrpjthree4four": 64,
	"6twotwo18eightthreeeight": 68,
	"6vbrpprjfive3twovfklfh7": 67,
	"6xpdgng622cplsixone": 61,
	"716": 76,
	"72fournpppvgzxhfkz15pbcvhlqm": 75,
	"72gxqrns94": 74,
	"73four35pgtvz": 75,
	"73two": 72,
	"75733": 73,
	"75five6": 76,
	"7626": 76,
	"765eight748vzflchf": 78,
	"7661dqjcnsix7knccb": 77,
	"769clhcfmcbnntlrrtg21": 71,
	"7762": 72,
	"7763tqbgpfltbrcgm6": 76,
	"77two121": 71,
	"78xtwo3qmjvnlmvslqftd": 73,
	"79fiveeightone1": 71,
	"7bbfbcvh6": 76,
	"7bdqmrbdnzbnine": 79,
	"7bggjsjrsv": 77,
	"7cmrgqbzfour": 74,
	"7ff7tgdzfour": 74,
	"7ffflzh5zrqftwonehht": 71,
	"7fivefourhvjf6seven": 77,
	"7flqjn9": 79,
	"7fouronefive6qfml9eight5": 75,
	"7gxvmb": 77,
	"7hqtrhpdtnrhjx1sixeightknhzpmt": 78,
	"7jcgbkthree3pqxlsixfour": 74,
	"7jsvdgx": 77,
	"7kgb5twonine": 79,
	"7kjnfhncjxcdhmsptr9srht9": 79,
	"7lfdthreegbkqsevenninefive5nj": 75,
	"7lfnzntzjxvthreeonefourthreevssnvvgzc": 73,
	"7lgzfznxpspthreedgreightwopmf": 72,
	"7mhpslddjtwo9sixkzdvqzvggvfoursdvd": 74,
	"7mmmfrrdcqs": 77,
	"7ninefourhpbfivermgkkxqsixnjkrntfv": 76,
	"7ninelzrrzmlfourpssbjpkckj9": 79,
	"7prlzzkninenxthqdk4nine": 79,
	"7qdscnine5two": 72,
	"7qxbfj5c": 75,
	"7sevenfiveonefbsgzzf5ninevjhqx": 79,
	"7sevengdjqlx12three": 73,
	"7three4eightzxlgpxhnrb4667": 77,
	"7twoeightgngmcqnpd": 78,
	"7tworbz": 72,
	"7twoz": 72,
	"7znvzpdnnnfsevennrvlhseven16b": 76,
	"81mjbktphdjfv6glzl": 86,
	"81xjd3": 83,
	"825pbghkzmz": 85,
	"838onejonehznckplj5nine": 89,
	"83threethreeeightninethree": 83,
	"849two8185": 85,
	"87123": 83,
	"87sixtwotcjlss": 82,
	"87vqrqfvxrkdsix3": 83,
	"88three6five": 85,
	"88twofourf": 84,
	"89548szcgrnvfive": 85,
	"89l991eightttxtj3": 83,
	"89xz": 89,
	"8btlvsfpz": 88,
	"8cbdqgbcc1six5pxdbkgzjhq": 85,
	"8ccnhdd4czfgsevennineqszfqd": 89,
	"8dckvflvm": 88,
	"8dnkzpsfzrqljhkx6one": 81,
	"8eightbtcskqbl": 88,
	"8eightqcqcfrtdc8sixtwomfdg": 82,
	"8eightwoq": 82,
	"8five7one": 81,
	"8fourfourdbrbbnsjrzhj7": 87,
	"8fourtc5": 85,
	"8fqq": 88,
	"8gvjzvvthreeseven33": 83,
	"8gxkkrgnpsx38kbxeightwonzm": 82,
	"8hxnqrqknththree3": 83,
	"8j5onecmbceightoneseven": 87,
	"8jctlksix": 86,
	"8jhqfm3bonen7": 87,
	"8jjnjvzrzkmkj8qqsevenfjkqnbvlrqdnbfnxvb": 87,
	"8kdv": 88,
	"8mx57sevennines7": 87,
	"8ncfncgvtcgxd3rkfqb3twodlldrzqsix": 86,
	"8ninemrdtwo": 82,
	"8nkd1six": 86,
	"8onemmcjp": 81,
	"8onenineeightsevendfhgbbmc1": 81,
	"8onesbdp": 81,
	"8plhvcl8sblzgsd": 88,
	"8pqd4threefivephpkqcgnine": 89,
	"8sevenone": 81,
	"8six82one": 81,
	"8sixxtmqfxnp234twohsfr": 82,
	"8t2ninefour6sixjx": 86,
	"8threefrvhj19fivethree42": 82,
	"8tkqfsdsevenfour11": 81,
	"8vvpsixbjxxkxclxchjvlvvqqdspqrgh": 86,
	"8xkqjdvone1339dgdzj": 89,
	"91xngpn3sfjkkfmjnthree": 93,
	"92cpsgjonefivethreefourvnqmrn": 94,
	"92eight8": 98,
	"94ngctc1hnvkpgxnmxxsp1": 91,
	"94rj2": 92,
	"952eight": 98,
	"95rfdnllb3pqtnpmgbtssbbx": 93,
	"971ponenckqqv1": 91,
	"9762threefive": 95,
	"97onesix5": 95,
	"97ttkhsvqfivez6": 96,
	"97zkqgmsfive8": 98,
	"98seven": 97,
	"99dccchbdfdlczdfxtfbh4": 94,
	"99hcznvbnbnhssk": 99,
	"9cdxlcxgvoneseveneight": 98,
	"9cgkqfgccl5fivezlhcfgvm": 95,
	"9dpcdfxp3qtcktbbxglrfp2dsjdhbdncbtxj": 92,
	"9eighthvxnlvthqjtpsjnleightwokq": 92,
	"9fchjtgvfvpxlvpbghn": 99,
	"9fiveeightpvjpvdrl": 98,
	"9fourklmzjmnlgtvh": 94,
	"9fournine": 99,
	"9fttbspxxtgbeight": 98,
	"9kphnine31ddxztph": 91,
	"9mzjsevenghctqjcbjz": 97,
	"9nqdflnboneeightnineone2": 92,
	"9one7three9kbrdcdeighttqmgg": 98,
	"9onefmkkgvzlzqpl7eight5": 95,
	"9oneonetwofiveseven42": 92,
	"9onevrnmrhtb5onethree3zbpdfznxbkbscjtjb": 93,
	"9pcfive7four7nine": 99,
	"9sevenldstrnjtkdkjtlspsjmzzttzdzsix": 96,
	"9sevenljjrrrrvfg": 97,
	"9sevenlxzlrvzln": 97,
	"9sixeight3nrbxqhtgskeightvmh8": 98,
	"9sixpqttnvjmlscone5": 95,
	"9three2fjldqmdhv": 92,
	"9three5": 95,
	"9two8zlkph": 98,
	"9vsnhq22ksrrjmkhvdtwo": 92,
	"bc2": 22,
	"bckgxxpreight4eightbpchtxv8seven": 87,
	"bdms1czcpxgcgb1jsjhpzncxdrqcbhkfivexgzlq": 15,
	"bgblfdstmvbsgsjgn281sevenzlrpmtxbeightwohcq": 22,
	"bhkjl84fiveeight": 88,
	"bljszntg1hchhb": 11,
	"bqvpfzghfoursxbndvlxzgbs5eighteight": 48,
	"bqxh6nine57": 67,
	"brcptklplkfj1vqdpbvbdsix96": 16,
	"bttvvjkgp6clntnrksthreeeight7": 67,
	"c48seventhree": 43,
	"c54": 54,
	"cbcxxst47three2ninevkpbcspcj": 49,
	"cbrv9": 99,
	"cdhklbhntwosgbpqmljhsevensfff1onesixvmdxcglt": 26,
	"cdthree6vbntwo9": 39,
	"cdvxvmtwofourgbsk9kmfrtv": 29,
	"chgvllfqlfninetwo7twotkntcpls6four": 94,
	"cjhbnineone342xjvfour": 94,
	"cjjjkftntjq4": 44,
	"cjzhpqseven1fivetwofour78": 78,
	"clkseveneight8jcgmtmkrv": 78,
	"cmvxcgtgrsbjsd8189": 89,
	"cpcjzmltqbtljgqqvnine78three": 93,
	"cszlntkkq4prfcrdsx4": 44,
	"ctdsninethree5": 95,
	"ctdssd25qnrztptmr": 25,
	"cxtgfmqddm9five61f": 91,
	"czseven6418mqkjdlftcjfbjsd4": 74,
	"dcvlmlvbtwo5jlfkhmxxrldsqqhkztx1sevenfive": 25,
	"dcztsfgsix8sixjlghbxslpd": 66,
	"ddjchjglpbcsfourdtvtcbzb3five": 45,
	"dfphtx3": 33,
	"dhpbgtkmjfourone6rsgnpvsbjtkfqsvrs9threethree": 43,
	"djnine3jzghptvbpbseven9": 99,
	"dltwone554rrczft9four": 24,
	"dnkzmnvffthreefive7sevenxthdvzxxg": 37,
	"dpthree2565cqgthree4": 34,
	"dqbk6fourfssthlnjmgmjfjf72": 62,
	"drpksbtwo6jgxmphdnvjbxc951": 21,
	"dsix7df4qhsvjp53vlnhthp": 63,
	"dtwone672fiveqzzcfrpzfjmhttninetgm": 29,
	"dvdffj2": 22,
	"eight331qs5drzfn": 85,
	"eight6foureightfouronefht6": 86,
	"eight72threefivefour9onefive": 85,
	"eight7ninefqxjvm3oneightx": 88,
	"eight7nxzvrpxl": 87,
	"eight8nine8eighttwonine3": 83,
	"eight8two47g11": 81,
	"eight9threehmbfnsjtpl5threergldqjfjheightdhbz": 88,
	"eighteightfive5": 85,
	"eightfive1rnrqjbfdck9hp8klq": 88,
	"eightfive5threekkrb741xgnndtvzd": 81,
	"eightfourfive4": 84,
	"eighthdthqc56": 86,
	"eightjbxnnhscg5seven": 87,
	"eightjjzh3ntlglxxpmcdrfnvkone": 81,
	"eightkmlhjvhhgd5pqkblcr": 85,
	"eightkntlndvjskzfour5c": 85,
	"eightkpgvbmlpfmrpfncnlb6rtltdbk4": 84,
	"eightltpcssixtwoxms5ghf": 85,
	"eightone7717eight9": 89,
	"eightonehtmvfvxeight2onettnkt": 81,
	"eightqkthfivesevenfpxbrnkphfttgstdv3": 83,
	"eightqxsix4fiveeightfive": 85,
	"eightrfourrbscmnrsxg9kjj": 89,
	"eightsixeight9two5four": 84,
	"eightvfdjxhcvonebnzhrrqpvxdmnqxtzf7tzl": 87,
	"f86ninen24twothree": 83,
	"fbkvqqbhmkfiveone9kctfour7": 57,
	"fbmcgpz83pztlsevenmjbxbpcxx": 87,
	"ffckjftkbrxfvzphmx4": 44,
	"ffckrhfjb9": 99,
	"ffnrprtnine1tjznmckv5sixczv": 96,
	"fhdlvm52seven5ninethclsbhbmcsixtx": 56,
	"fhnvvkhsx3": 33,
	"fhzhpfivebbkvsix71": 51,
	"five29xb1xhdf6bxbxptxfnrmmvn": 56,
	"five45pktjrjnckjsixninezrcjxdrsmdc": 59,
	"five4twoone56": 56,
	"five69bcg": 59,
	"five6cpctwofiveccsvlshnj": 55,
	"five6eightninetnonesix": 56,
	"five6onefourthree": 53,
	"five76": 56,
	"five7nine2nvjbprppthnine8": 58,
	"fiveeightcrn6ldxqdqxkvntwo4": 54,
	"fiveeighttwo6": 56,
	"fivefdgxmb894ztnrljrr7kxzrvlxjcq2": 52,
	"fivefour3one37sevenbhd": 57,
	"fivefour4fourg9": 59,
	"fivegfk5sixeight7pt14": 54,
	"fivegzddrsevenseven9xmztgpjprxseven3": 53,
	"fiveninethreethree3jss8lzlk": 58,
	"fiveqzpcskcrlninebnkvgthreengfbfhln3sevenfour": 54,
	"fiveseven3threemkppbkpxhqgn": 53,
	"fiveseven4eightwolq": 52,
	"fivesix3fivehtpdghxhm62": 52,
	"fivesixninenkkrnpthreeseven6mffive": 55,
	"fivesixsevendlmldl3": 53,
	"fivesjkthreem6twokhdrsk1hz": 51,
	"fivethree43seven5pztchmt": 55,
	"fivetwo4two3five": 55,
	"fivex6lz": 56,
	"fivezqpspcbzkdmmtwo3ssgpfgkhnrpplt": 53,
	"fjgjfbv2dlmqgtssnmonesevenfoureighttwo": 22,
	"fkone9bstvjhmrzh9qfhnxdld1": 11,
	"fkrxrsseven6dcxzhdmvtg": 76,
	"fksf6": 66,
	"fld3threetwo1three": 33,
	"fnlvqxgbseven3qdbsvqcm8sixthreerfp": 73,
	"four153one": 41,
	"four24three": 43,
	"four3eightbslcfbsbvj4": 44,
	"four57cphtrbghtscdhkhjttr": 47,
	"four5hhnbcc8eight4eightbvhsfktmk": 48,
	"four5pbqqpdgcmkspsccmgffive939": 49,
	"four6spcfqgvvcvz6ninedtltbcnhsj": 49,
	"four7fcszmcs": 47,
	"four7h": 47,
	"four8119sixonedjmsqnxtwo": 42,
	"four85nzfour69one": 41,
	"four8mcrszfpbbsjdmqpkjdgftqhskp9": 49,
	"four8qdrjtt1eightnineonefour3": 43,
	"four9oneldsvbfivesix": 46,
	"four9rt": 49,
	"four9sevensixs7onergssqzfmbvbspmr": 41,
	"fourdjjmtvfbr12": 42,
	"foureight82dx8gdqzrpssd4jqkzm": 44,
	"foureight94": 44,
	"foureighteight2": 42,
	"foureightghgrjtwo5zvnrxttwo4": 44,
	"fourfive4vqtqtngssone": 41,
	"fourfour26": 46,
	"fourfvrglnpdqfhsnine6zpsccbone1h": 41,
	"fourhxr4ntppb": 44,
	"fourninefiveseven9": 49,
	"fourninemrr8cljkkqbseven": 47,
	"fournvseight3two3": 43,
	"fouronezh9ninethreenine": 49,
	"fourpdxvg1dqhtbc": 41,
	"fourpq9": 49,
	"fourrqktqhglbh3sevensevenfive89": 49,
	"foursixthreetwo7vjjdgcqrbh7": 47,
	"fourt3fivethree": 43,
	"fourtwoqscffdv4nmvngxbqht": 44,
	"fourtwothreeqjvqgsbtlmgqnb9sevenrxn": 47,
	"fourtwotwo2ptb": 42,
	"fourxmnjvrbkln8mnzvpthree5": 45,
	"fpftlgd33sevenseven417": 37,
	"fqoneightftbxksztshxssevensq1": 11,
	"ftzqhxjvstrz18threepzrjkkqxrd4": 14,
	"fvbrtpbcfive24": 54,
	"fxzsrvxhpvkseven3fivejmtjlpmb": 75,
	"g2": 22,
	"g46zlqxtn4": 44,
	"g8fivethree": 83,
	"gb944hzjhdtdcg9": 99,
	"glpflvjx6": 66,
	"glxnkkssflcttone73": 13,
	"gnvmgninenine83": 93,
	"gpjdrtm2sbttvbcxdvfmc3one5three": 23,
	"gpjxfmgpdcmbc6": 66,
	"gpnfthree16xj8fqx8n": 38,
	"gprffive3kksp": 53,
	"grkkhhpmx9": 99,
	"gscbthreethree3five7five68": 38,
	"gsfmgl4one43": 43,
	"gsixfourzkmnmvk41djssgh": 61,
	"gsjfrnhggktwobcnxfp96bt": 26,
	"gtfqrjqxkxjkblfstrcszcrz3one1mjhbv": 31,
	"gzcmlrqvktstnjmrzqx36pmftnbvr5": 35,
	"hcpjssql4kjhbcqzkvr2fivebpllzqbkhg": 45,
	"hgkss234five691": 21,
	"hhjn7ccfxjl3eight": 78,
	"hjlxsksix2eight": 68,
	"hjpltpcf1blmcfourtwonine467": 17,
	"hltjz5two1seven19": 59,
	"hmscktxrthreeqrp26": 36,
	"honeightfivegjbghjfbvlv78vcg": 18,
	"honemvzkfbkvxsjnlkhfrs6seven3six": 16,
	"hqtxjnineqngjvsfour4gbt2": 92,
	"ht6": 66,
	"hvdvhprnsplknvdqlx9eightgcxvphpv4687": 97,
	"hvxtnvtn9twot": 92,
	"hznvzf59jfsftctzh1343": 53,
	"j3eight2": 32,
	"jddsgdgdf16231sixmzfnpgvnqp": 16,
	"jdhtxp1nine8jrxrrkc12six3": 13,
	"jfnfpzqttgzmcrhn3nvbddtnrtxfoursix": 36,
	"jhmfcj6foursevenmszfjthree8gkpdpnnxbhj": 68,
	"jjeightwosix9fklkfxrfhjxksznine": 89,
	"jkzgeightfour7nine6": 86,
	"jmtgprnslgn5": 55,
	"jnfxg762": 72,
	"jnrk8r": 88,
	"joneight9nlqrzbthreeonenine": 19,
	"jthreesixsixfive7fiveseven": 37,
	"jxzccq8eighteight": 88,
	"jzs333tjlhhroneklmmhflgvb": 31,
	"jzvqqfzxrbfbhonetwo2knrhfl": 12,
	"kd3ljjxmmckrcbrcshxflgs6llvvthrhvd2": 32,
	"kfdkflvrgkfour6threevhdm": 43,
	"kfrntpdnl6sixvs3lxcrpjmkkff": 63,
	"kgcmvpjvjbmnqbstwo45fiveoneightqhn": 28,
	"khoneightsevenrflbbdmfourm6nhfdxzpkhlbsdqgvtctlp": 16,
	"kktgkzfcpd6nlfcvxvvfnine": 69,
	"klgl8nntkkvhsixsixfour47fivetwonel": 81,
	"kmfsxjv4mrpvceight857zdqtqb6": 46,
	"kv5nine9fzkvznlfive": 55,
	"kvcthrfkcjvq3659": 39,
	"kvxtdkfvxntwo7hvqlzz": 27,
	"kxnbtm5": 55,
	"kxzvnbnnine3n438xrt": 98,
	"kzktsfzq5dhhmzfbx55": 55,
	"lb4four": 44,
	"lbtsdpgjp73": 73,
	"lgngmclkjjvhncffivetwo5stcjnzlfjb2": 52,
	"lhnfour9": 49,
	"ljflbdvxqhvmtsevensix4eight": 78,
	"ljhpqnqfdkstssrptpq1hhv": 11,
	"llq7": 77,
	"lmmqndlfthree17397": 37,
	"lnqnbkpsix84": 64,
	"lpgvnlqtwo8": 28,
	"lrdtwo61": 21,
	"lv128sixninefive": 15,
	"lvkkp9jkkxrmph1": 91,
	"lzcqrfkct4ninesixfour5onenjqx": 45,
	"mbsmkshmsbnxbflmrz7qzqz87qqqxbhphgbvgseven": 77,
	"mcvj6": 66,
	"mfclgcvn8fourkxjdtwohsxphnftsn": 82,
	"mldzcxznine4seight": 98,
	"moneeight2jjrfvfxztcseven": 17,
	"mpfslkxeighttdfcbpvdjbfb84hsbz": 84,
	"msj8": 88,
	"mtbvkvsq38rzk": 38,
	"mtpcvjlq2891rnine8": 28,
	"mxfdscrkbr8nine53seven": 87,
	"n5fivefour": 54,
	"nc73threetwoeight": 78,
	"ndbbqgqf3gvzczcdkpzxlxfjshr9": 39,
	"ndtvfive2brkzntrjjl179": 59,
	"nfjqcnine68eight": 98,
	"ngbtlr8five5fourtwotwojsdl": 82,
	"nhrptztv2eightseven": 27,
	"nine154fivemtgvpfnlgx": 95,
	"nine2cfbhdmgptwo4xz8": 98,
	"nine39six6": 96,
	"nine4rbbnhlbmfseventwobqbrpvqssxcxqsmcg": 92,
	"nine4seven38mbhpcdfour": 94,
	"nine5fgvfmthreethree2": 92,
	"nine5fivecgfsbvbtsn57five7djxlclnfv": 97,
	"nine621rlqzseven": 97,
	"nine6three53bzrhpg6nine": 99,
	"nine74six1hblnnrone": 91,
	"nine92csvcxhcr7": 97,
	"nine97eight212": 92,
	"ninefj3": 93,
	"ninek2xhmcmtnrf": 92,
	"ninelnsmgk3seven27eightsshhpqpb": 98,
	"ninenine1ttjjjmvrbs": 91,
	"ninenine9five8m": 98,
	"ninenineeightfivedhthreelfour5": 95,
	"nineninefivetwo6eightfour74": 94,
	"nineone9": 99,
	"nineoneh841dxnrvcmtwo": 92,
	"niner5kqzqg": 95,
	"ninergqldrlxvn148zdpvgdrptvpg9nbbhgk": 99,
	"nineseven2sixnineqd": 99,
	"ninesevenmqqtcnl151seven2": 92,
	"nineseventwo6nine": 99,
	"ninesfvfmrk7vrgddhzvh11onethree": 93,
	"ninesix4jxxgjppthree9six": 96,
	"ninesix8xkhmmnplggvng": 98,
	"ninesixfivecpmlvqkk9three": 93,
	"ninethreeghlldqbtl69bvpbmxx": 99,
	"ninetwo1threefggtvbrsczftcrthkcmxhtseven": 97,
	"ninetwo5htqnmctjkxrttgtdfone": 91,
	"ninexpbbmlsevenfour9": 99,
	"ninexsdkngnzffourljrhrsrkx9sevenseven": 97,
	"njddsqsix5three": 63,
	"njlfxvcxbpmk6ttdng": 66,
	"nkfjpxqhsjmbbx64rpdfqksmfq877": 67,
	"nlvxkslrgjrsfive2": 52,
	"npgrkbnhbsmpbnshg46": 46,
	"nqblpkxmzcnhplrhcpv4": 44,
	"nqkjxjvvb7nqbgtr45sixsixgczfive": 75,
	"nrbmhmkbxdntb17qbncrtmvjcsix4": 14,
	"nsmeightwo8vjbgfhhrsixoneclzeight": 88,
	"ntnckzcfour9twosrff": 42,
	"ntvtxbdkcvtxdkzdz5kvkvdbxhdj5twojxfivekxvdtmg": 55,
	"ntxmgvkm9": 99,
	"nvvskqrjfz77four21tvclspzgjq8": 78,
	"nzvvxdbb8cpxjdlqxxfour": 84,
	"one12twotzchrdfpg": 12,
	"one1twojxjnb": 12,
	"one3mbccxfv7rgtxbnvs7": 17,
	"one4four": 14,
	"one5nine": 19,
	"one6onepkpnfhqmp": 11,
	"one6vhx": 16,
	"one77phjchvd5six": 16,
	"one7llljbvzngchlnineoneeight": 18,
	"one863sixfivenineninejrbvqlz": 19,
	"one8kjtgoneeightsdcmrllcfiveqxsj7": 17,
	"one8qsixthree75csc": 15,
	"one9fpgbcdsldpfour": 14,
	"one9nine": 19,
	"one9qzkptjmeight": 18,
	"oneeight9onemll8ccgrrqvrp": 18,
	"oneffjrrtrx4xlscjrpcdzv": 14,
	"onefour194xkj9eight8": 18,
	"onefour4xfnpgfrfp": 14,
	"onefourone1ninethreeeight66": 16,
	"onefourz3tff6htmmqk": 16,
	"onegzqbbzm6vpm5": 15,
	"onehnmbqdhtpmone29vhhxsxzkrnsix": 16,
	"onelfjdbnntlvndktceight42": 12,
	"onelpfdt669hrzninethree": 13,
	"onenzeightvcgzhpkmfn3rxninenstzzbv": 13,
	"oneseven1three": 13,
	"onesixkvjr52": 12,
	"onethree4fivemxlchhzqbzpvszj7": 17,
	"onethreeoneeightqskd4zhr": 14,
	"onetwoqpzltxj4threetwokzlcqrvmpq": 12,
	"onetwothreextbtpkrcphhp4kfplhqdvp9": 19,
	"p8vceight1": 81,
	"pgrzbonenine3eight959nine": 19,
	"phhljpb4zsixpxt22four3": 43,
	"pjdxpnddndfiveqjlsp5dtlstrlz": 55,
	"pkxjxrszx4": 44,
	"pkxpqnbvgscseventhreeeight2two3": 73,
	"pmxninecqeightfour1bgpqrrkjnhjfhtn": 91,
	"pninethreetwo76tclssnpz": 96,
	"pqhpzfive3four": 54,
	"pqz759rdgv2fourfjvdqvtn3": 73,
	"prvdoneqmsnstjgq7bdshdninenine9": 19,
	"pvrjzqpfoureightfivetwo4zcmmcffnlthree": 43,
	"pvvbcnlq8djdp21lhdgkfkleightoneightlxv": 88,
	"pzkckdkmfonefivetwozmdxrdmztwo6xd": 56,
	"pzlxrnsqlfour9hdpllf9sxjtxntwo": 42,
	"qcbhgzqtrbcc6": 66,
	"qchqnmstcsevenmkkmkxltzjtfsc798": 78,
	"qcl27four4": 24,
	"qgqhpnkzgrfivenine7foursixlgqcxzkcjr": 56,
	"qhgndzxpdmonecbjqtwojvkftdlfvnhqrtpdb4lbkgffvlp": 14,
	"qhn7jrcxzxm": 77,
	"qkvonetwoseven486": 16,
	"qninesixtrrjxgbvms9five28six": 96,
	"qpfive1": 51,
	"qpjlhpnxpnszsrgglpnlclml5qone": 51,
	"qrmtfour8": 48,
	"qs7ft": 77,
	"qzh9": 99,
	"r2": 22,
	"rhtzskrlvtmzgkszone1eightone": 11,
	"rkclvq4seven446dkjfpgtseightwobc": 42,
	"rkjjcbgsxfzxjfd2hjonerqkkhnxpboneh": 21,
	"rn4ncmgllzht": 44,
	"rnbchhfk6884fivejtr5twonet": 61,
	"rnxdgvfivesix1psstntffn": 51,
	"rpftkjkhfive858mgjjgcpcsevenxrjfsxrr": 57,
	"rskvrvxrxntspzstworpxfxqjrvnmhgsvcdthree21zvjlxd": 21,
	"rtmpvkpdtgtm67five": 65,
	"rxeightwonineqntwocpstsl3rtfbzzf5": 85,
	"rxgxctwobtwo9ngbrhfjhqc": 29,
	"rzgxzdzqrmseven1rrkpbp": 71,
	"rzvlkjvone142oneightpv": 18,
	"rzzmsskzbsonelts28": 18,
	"s2sixbnsmngsclg": 26,
	"s39lffour3lkdbrks": 33,
	"sdjtzbzm1threethreedhvhshgvnn3": 13,
	"seight3qvmq2f1kkfone": 31,
	"seven1eightnine3seventhreeeightlcsspsb": 78,
	"seven2khjt": 72,
	"seven2lrkhzgkj5fourtwo": 72,
	"seven2seven2one8fourfourseven": 77,
	"seven2threefour4two": 72,
	"seven42eight5pzxvx": 75,
	"seven7464": 74,
	"seven7mhdhlhnmghklbbjcbseven93mgltsvnbx": 73,
	"seven86four": 74,
	"sevenddgcqkgkr9fourppxqzpqxpkzjpcc51rh": 71,
	"sevendtslgtkcrs1rqpkl4mq5five8": 78,
	"sevenfive19eightninenine9seven": 77,
	"sevenfivectsglsqstxjmgdsjrzfveight7": 77,
	"sevenfivephvqsqrzl524": 74,
	"sevenfour7fourfive3": 73,
	"sevenfpnmvftmpn8": 78,
	"sevenmtlmpzlzgzq5one29": 79,
	"sevennine4dkkqrrjcpfourckzxj71one": 71,
	"sevenninemskq8": 78,
	"sevennkbjttdjv216m9djcrntqxx": 79,
	"sevennvrfqzl9lhgsflkk": 79,
	"sevenone534bgjmzlpcmxfz": 74,
	"sevenone575jxgcvqjzcrthktczhqnq1": 71,
	"sevenonefive57mdpqbsdttdxxzctcqonethree": 73,
	"sevenonepsxfdhqck5fzvftnsix": 76,
	"sevenseventhreemqcgvbr8onernnone": 71,
	"sevensixmb68sixthreefive1": 71,
	"sevensixone4three2": 72,
	"seventgd6": 76,
	"seventmcrfpsfpx9seven9five1seven9": 79,
	"sevenxsskzhcppdthree48": 78,
	"sevenzbqdzlmthree7two381eight": 78,
	"sevenzcprvz4eightnk6ninefourtwo": 72,
	"sfdreight4ninesix5": 85,
	"sftsktwofjxbhhvseven76sevengtptwonej": 21,
	"sglfjndn8mcfcftwotwo": 82,
	"sgtbgcrplgfqqqkkxsveightseven2": 82,
	"shsdpncrxhlxsevenmkjpznnkdjr5fournine": 79,
	"six12three81vfive": 65,
	"six153bq": 63,
	"six1eightrksvzhltnnfivefqvnxcsjzzthree1": 61,
	"six1two9": 69,
	"six2b2": 62,
	"six2kseven": 67,
	"six35smmsqtnmtwo3threeeighttwo": 62,
	"six54bgrpn": 64,
	"six5eight": 68,
	"six7jcfjpjt6lgclnzonebzlbfsdbgbpzdkhx": 61,
	"six7mdntzshzr6two81bklxmvcv": 61,
	"six824czjxvvkghdvzbzql6": 66,
	"six8four149six8": 68,
	"six9threerzdsfkzj": 63,
	"sixbfjblhsjr3": 63,
	"sixbgz1four": 64,
	"sixbztt3sevenjnhzxkgsbsvmq": 67,
	"sixcfz1jpfp3onesix57": 67,
	"sixeight1three2twonine87": 67,
	"sixfp2xfdqqkblc9": 69,
	"sixfpnzsixgksix2s": 62,
	"sixjg5dbhkr2sevenjsbrvfv": 67,
	"sixjrlmbcfournrsvjltwo5sbbvsfxsr5": 65,
	"sixkntcqsnmg3eightldfkeight8six": 66,
	"sixmn5": 65,
	"sixnine3": 63,
	"sixninefkgntpsboneskphgqmvfq81": 61,
	"sixpgsvqxdgd8813rrzv": 63,
	"sixphptdkzcqsixlgztbffhs5": 65,
	"sixseven3113ncgzrjjkr": 63,
	"sixseven9": 69,
	"sixsevenlknss2gzcvfshvfpkfcq9four6": 66,
	"sixseventhree8threetwo3six": 66,
	"sixtlrmmckxgsmskqdmtnvvmncmdtqtmpfive4": 64,
	"sixxgrnqk8qvgrqbs": 68,
	"sixxhlfqh1ttp": 61,
	"sjcqgjnxrcxhnineninemzpmczrxbppp5": 95,
	"skprzqrt3h65eighteightdlpljhnjdp": 38,
	"slfldflseven6five85tvxbzvmjvjhpbnqtfxtvcfc": 75,
	"slnsnqn1glrhtrltdlvqmmgfrvckhkbxtsixxjlzqh": 16,
	"soneighttwo39ktl132": 12,
	"spjqtwo4seventwo": 22,
	"spjtwo5four": 24,
	"sqd1fivenfsmpsmjtscfivedzxfhnbbj8six": 16,
	"srhrgtwonine4": 24,
	"sseven5two": 72,
	"svdbjstvsix6zqbppsfour": 64,
	"svftdtjhlone5twosevenonekjxtnnnrg5": 15,
	"svpqzpj9sixsixxnvbprh1": 91,
	"szcspm5sixtwovtrmvrthreefour7oneightqqj": 58,
	"szpgrtwo7": 27,
	"t2three7zqcnklffivefive": 25,
	"t3sxccdtzvhvfive": 35,
	"tfive8jzbjf5nkvttwonzpbplthc": 52,
	"tgsrfcseight5four": 54,
	"th9": 99,
	"thnine5": 95,
	"three2ffqzzzzbdm837qtczrbpd": 37,
	"three3mdqgkhjdbc1nine76nvht": 36,
	"three4ninefour8two": 32,
	"three5foursevenlhlmrzrdvxthreeglfvksgmxlrz": 33,
	"three61rrthjdzs": 31,
	"three72cpzhp2pmgzkddb8": 38,
	"three7mmqmcpkz7sixhpzsxpknszbdr": 36,
	"three7zqxvhmbnrsdxvnpjsevenninefour2": 32,
	"three82gnpljsnbcn5": 35,
	"three8dqhstsgpc78": 38,
	"three8fourfivetwozgcrbrxdjk": 32,
	"three8lninexhlqmrhm": 39,
	"three8threeeightmcnvlmj7": 37,
	"three8twoneh": 31,
	"threecqccjxnfournineeight7": 37,
	"threefivenndkfive4lqhkxqfthree": 33,
	"threefivet136pfivefive": 35,
	"threefoureighttwo1q": 31,
	"threehgxlkzrd1": 31,
	"threehpg7kgnjkgqzs87": 37,
	"threehvpdzlhnzpthree9": 39,
	"threelsqvpd99chmlmtj": 39,
	"threemhmfivevg6sixlppbjmmninej": 39,
	"threenine41tczlqlsjjrkhsjm3jqhgscgspx": 33,
	"threeninefmlbfznine6sixtwohfxnfffive": 35,
	"threepbhr81": 31,
	"threersqkhmgbsnlszskhslp57oneightlm": 38,
	"threerzcxhlvdjkhtlxlg6ninetwonine1": 31,
	"threesix8eight4foureightkjxjfgxlcfqnh": 38,
	"threetwosgbvsprq7j5threelcbx": 33,
	"threexnfjlnkmkt9seven949sixgsfdkzzk": 36,
	"tll5xhqgfvq1hsphkgclrzhmlsqeight8": 58,
	"tlttwonermnfrl94": 24,
	"tltwopsjsgtvvftc2six": 26,
	"tmht6mfjnnpznrv6jscqfjxkvtgklmprsix": 66,
	"tq3nine9": 39,
	"tqxhpxmgllzvbxlfvrmvsgkk3four6": 36,
	"trlsqtls9nxstgtnthree89": 99,
	"trzvzjzeight7sixdgq41": 81,
	"ttmeightwo19mrnhbgxz2gjdctxvhtzpkq": 82,
	"ttsm16gzcqninetzkjzcrmcbkrn": 19,
	"ttwospnvbcr2ktkzcmftpfqxbbrfjxpxthree": 23,
	"tvc57krtsmhqqvfqxfpjkfbbddpg3five": 55,
	"two11pzzzxlqqqnfxxqg": 21,
	"two31ltrbfrsix1": 21,
	"two32ndxvvqpnn5": 25,
	"two3ccsix": 26,
	"two6hjgqt": 26,
	"two76fxzdss3sevenzg9htmnflgq": 29,
	"two8five": 25,
	"two8three3twoljpzzshzgfqjpb": 22,
	"two95gdfive": 25,
	"two9seven2eight834five": 25,
	"two9zkvfcllbpmmsscvn2fivecndc4": 24,
	"twoczldjcsix1six": 26,
	"twodgksqsdtrsrpeight8five1": 21,
	"twoeight2sxnxsfkxqkbsix": 26,
	"twoeightnine4ctzmjrfjtqpv8g4": 24,
	"twofour3tkjjvjsfourz3": 23,
	"twofournkcj56nine5": 25,
	"twogjbhrdrnl9six": 26,
	"twolvxlvg57": 27,
	"twolxzdhfourqjeightfour55zjvconeightnf": 28,
	"twonine9": 29,
	"twoninejxxm1one": 21,
	"tworgvxntpjhr7xftlhponehzqdggmbhp62": 22,
	"twosix7nineseven": 27,
	"twosixeight72gdvmqbnpq": 22,
	"twoszzrbzlqb8sixq": 26,
	"twothhhbfourbsdbmsixczrhddqdt1": 21,
	"txtfxpsmmlninefour8q8": 98,
	"vbpseven2four": 74,
	"vbvmkmxnmvdxfive8jd": 58,
	"vfivecjlm8seven": 57,
	"vk9gone": 91,
	"vmeightbtzkbvdjbcqsx5mfqft8sevensl": 87,
	"vonexcchsdssblsqd8dsmggkzjsdfclmbpthree7": 17,
	"vpxlbcqfivejhxh69six14six": 56,
	"vrvdvq1psq2fourgvmqk": 14,
	"vsrsixfiveninestndvtfqmr7": 67,
	"vssqqrmvpnpjthreetwo8bhbbrfckmzvbc4": 34,
	"vttbsmn1seven9nine4": 14,
	"vvhpzfcbchtwo3seven8nine3": 23,
	"vvvxkxhzeight295seven": 87,
	"vzx8two": 82,
	"x9one": 91,
	"xcpjgnninenineonenine3fourfourqghsvqfn": 94,
	"xdrtgjlstwothreeqdhnpxhqtjkldfcbkqgxmlktfour7": 27,
	"xdtgbmkknmoneseven6jtzmlbpcktncfcllvfgckqbpxtwo": 12,
	"xeightwo8": 88,
	"xfive79two775eightwohm": 52,
	"xfkgbhrrpckrftonenxghthree2mz": 12,
	"xgvvninensvnjhglfng8ninefive": 95,
	"xjrcgdblffour5onefive": 45,
	"xktoneighttwoqljrsctbzxxqjtwo1ftsjczrsevenzqcdxtnktwo": 12,
	"xmqdjlz5seveneightonetwoseven9": 59,
	"xpbjpfzbkcgseven36fiveseven": 77,
	"xtht483fivet": 45,
	"xtldnjzthree7": 37,
	"xtwonefive1eight7cfss18": 28,
	"xtwonezkxhsdkqvmp2fmcmqxcczpeight": 28,
	"zceightwobvhfqqzngtctgsq3rjzmtnmbx7xtc": 87,
	"zcslbttpgk3foureightone5": 35,
	"zhdbmjhsfv5nkkllpthree88seven": 57,
	"zhjffivefshkbqttwo5": 55,
	"zhjqc66oneightxf": 68,
	"zk124jcgnc3three1": 11,
	"zk1sixsix6twosix": 16,
	"zksq2xdxkz1onebtbmbmmlc71vldqsk": 21,
	"zmlhnk9bhtdqmxzvgdssixtvvrkpznvjpn": 96,
	"znbkscjpxnjzninesevenjnkdvckhgtwo5five": 95,
	"zpmslbnm75foureightspkjssseventwo": 72,
	"zqmz46fivejfljvptwosix": 46,
	"zrmgttjv3vtnlmrkdtjgsdhc": 33,
	"zthm8cmmb83twotwothree": 83,
	"ztjplxlksevenseven8ktlb": 78,
	"zvdhmnvnineqjghs93bmmxrtxhrvsksqgfive": 95,
	"zxrxseven7ncr5m4": 74,
	"zxsix17brp7twotwo": 62
}